nDCG,Recall,collection,count
"[0.09574, 0.11955, 0.14179]","[0.03945, 0.12438, 0.17261]",mt-rag-ibmcloud-elser-512-100-20240502,188
"[0.09574, 0.11955, 0.14179]","[0.03945, 0.12438, 0.17261000000000004]",all,188
