nDCG,Recall,collection,count
"[0.28723, 0.28564, 0.31517]","[0.1484, 0.28138, 0.34778]",mt-rag-ibmcloud-elser-512-100-20240502,188
"[0.28723, 0.28564, 0.31517]","[0.1484, 0.28138, 0.34778]",all,188
