{
  "task": "Subtask C - Generation with Retrieved Passages (RAG)",
  "total_tasks": 100,
  "evaluation_timestamp": "2025-12-10T13:21:08.796390",
  "metrics_summary": {
    "Recall": {
      "mean": 0.407777982586,
      "std": 0.14649603282253298,
      "min": 0.0235294118,
      "max": 0.6744186047,
      "median": 0.3918849512,
      "count": 100,
      "total_count": 100,
      "valid_count": 100
    },
    "RougeL_stemFalse": {
      "mean": 0.13833653360200002,
      "std": 0.07590705421105001,
      "min": 0.0151898734,
      "max": 0.5359477124,
      "median": 0.12935224285,
      "count": 100,
      "total_count": 100,
      "valid_count": 100
    },
    "BertscoreP": {
      "mean": -0.11781695241,
      "std": 0.2265386682789236,
      "min": -0.7675028443,
      "max": 0.4717970192,
      "median": -0.07904552665,
      "count": 100,
      "total_count": 100,
      "valid_count": 100
    },
    "BertscoreR": {
      "mean": 0.08363650846199999,
      "std": 0.18352466277243026,
      "min": -0.5771613717,
      "max": 0.6824410558,
      "median": 0.09640929100000001,
      "count": 100,
      "total_count": 100,
      "valid_count": 100
    },
    "BertKPrec": {
      "mean": -0.007344725696,
      "std": 0.21189776167412336,
      "min": -0.5484535098,
      "max": 0.7421123981,
      "median": 0.0013744050000000002,
      "count": 100,
      "total_count": 100,
      "valid_count": 100
    },
    "Extractiveness_RougeL": {
      "mean": 0.12009291794200001,
      "std": 0.09385191848360133,
      "min": 0.0,
      "max": 0.6086956522,
      "median": 0.11606501435,
      "count": 100,
      "total_count": 100,
      "valid_count": 100
    },
    "Length": {
      "mean": 1895.33,
      "std": 786.8454620190677,
      "min": 39.0,
      "max": 3196.0,
      "median": 1988.5,
      "count": 100,
      "total_count": 100,
      "valid_count": 100
    },
    "RB_agg": {
      "mean": 0.261160228739,
      "std": 0.10124755216153047,
      "min": 0.0429397442,
      "max": 0.7083590232,
      "median": 0.25228557095000004,
      "count": 100,
      "total_count": 100,
      "valid_count": 100
    },
    "idk_eval": {
      "mean": null,
      "std": null,
      "min": null,
      "max": null,
      "median": null,
      "count": 100,
      "total_count": 100,
      "valid_count": 100,
      "error": "ufunc 'add' did not contain a loop with signature matching types (dtype('<U32'), dtype('<U32')) -> None"
    }
  },
  "model_used": "Qwen/Qwen2.5-0.5B-Instruct",
  "retrieval_setting": "Full RAG (top 5 passages)",
  "warnings": [
    "Error calculating stats for 'idk_eval': ufunc 'add' did not contain a loop with signature matching types (dtype('<U32'), dtype('<U32')) -> None"
  ]
}