nDCG,Recall,collection,count
"[0.28723, 0.28564, 0.31574]","[0.1484, 0.28138, 0.34911]",mt-rag-ibmcloud-elser-512-100-20240502,188
"[0.28723, 0.28564, 0.31574]","[0.1484, 0.28138, 0.34911]",all,188
